run	eval_score	truth_score
run3	0.5463347901057685	0.316
run2	0.5056370262243526	0.692
run4	0.49173387916874095	0.088
run1	0.38511328631331815	0.864
